number_transaction,cert_duration,subject_duration
10,0.7189419269561768,1.1893351078033447
20,1.1240761280059814,1.4977245330810547
