number_transaction,cert_duration,subject_duration
250,5.940236330032349,13.783504962921143
500,14.040301084518433,39.79425096511841
750,77.05099725723267,135.98845911026
